{
  "workload_name": "Update-Heavy",
  "thread_count": 1,
  "record_count": 10000,
  "operation_count": 10000,
  "load_phase_time": 13.011754035949707,
  "run_phase_time": 14.149487972259521,
  "read_latencies": {
    "min": 0.0,
    "max": 0.0036575794219970703,
    "mean": 0.0013786775792540298,
    "p50": 0.0012218952178955078,
    "p75": 0.0016522407531738281,
    "p90": 0.001722574234008789,
    "p95": 0.0018229484558105469,
    "p99": 0.0022804737091064453
  },
  "update_latencies": {
    "min": 0.0,
    "max": 0.012653589248657227,
    "mean": 0.0014032094584582153,
    "p50": 0.0012705326080322266,
    "p75": 0.0016515254974365234,
    "p90": 0.001730203628540039,
    "p95": 0.0018534660339355469,
    "p99": 0.0024704933166503906
  },
  "insert_latencies": {},
  "scan_latencies": {},
  "operation_counts": {
    "read": 506,
    "update": 9494,
    "insert": 0,
    "scan": 0,
    "errors": 0
  },
  "resource_usage": {
    "cpu": {
      "average": 21.929787234042553,
      "max": 57.3,
      "min": 0.0
    },
    "ram": {
      "average": 34.61519281914894,
      "max": 34.65625,
      "min": 34.59765625
    }
  }
}