{
  "workload_name": "Read-Heavy",
  "thread_count": 2,
  "record_count": 10000,
  "operation_count": 10000,
  "load_phase_time": 13.011754035949707,
  "run_phase_time": 7.018381834030151,
  "read_latencies": {
    "min": 0.0,
    "max": 0.006363868713378906,
    "mean": 0.0013933259205500886,
    "p50": 0.001230478286743164,
    "p75": 0.0016579627990722656,
    "p90": 0.0017278194427490234,
    "p95": 0.0018079280853271484,
    "p99": 0.0022644996643066406
  },
  "update_latencies": {
    "min": 0.0,
    "max": 0.004019498825073242,
    "mean": 0.0014228448730719408,
    "p50": 0.0015082359313964844,
    "p75": 0.0016620159149169922,
    "p90": 0.0017290115356445312,
    "p95": 0.001894235610961914,
    "p99": 0.002397298812866211
  },
  "insert_latencies": {},
  "scan_latencies": {},
  "operation_counts": {
    "read": 9513,
    "update": 487,
    "insert": 0,
    "scan": 0,
    "errors": 0
  },
  "resource_usage": {
    "cpu": {
      "average": 45.57,
      "max": 99.7,
      "min": 0.0
    },
    "ram": {
      "average": 34.63973214285714,
      "max": 34.640625,
      "min": 34.578125
    }
  }
}