{
  "workload_name": "Balanced",
  "thread_count": 1,
  "record_count": 10000,
  "operation_count": 10000,
  "load_phase_time": 13.011754035949707,
  "run_phase_time": 13.634939670562744,
  "read_latencies": {
    "min": 0.0,
    "max": 0.014529943466186523,
    "mean": 0.001325065156895722,
    "p50": 0.0011444091796875,
    "p75": 0.0016331672668457031,
    "p90": 0.0016925334930419922,
    "p95": 0.0017614364624023438,
    "p99": 0.0022907257080078125
  },
  "update_latencies": {
    "min": 0.0,
    "max": 0.01260519027709961,
    "mean": 0.0013831706192591888,
    "p50": 0.0012094974517822266,
    "p75": 0.0016469955444335938,
    "p90": 0.001718759536743164,
    "p95": 0.0018222332000732422,
    "p99": 0.0023386478424072266
  },
  "insert_latencies": {},
  "scan_latencies": {},
  "operation_counts": {
    "read": 4987,
    "update": 5013,
    "insert": 0,
    "scan": 0,
    "errors": 0
  },
  "resource_usage": {
    "cpu": {
      "average": 24.901470588235295,
      "max": 84.0,
      "min": 0.0
    },
    "ram": {
      "average": 34.590705422794116,
      "max": 34.59375,
      "min": 34.546875
    }
  }
}