{
  "workload_name": "Read-Heavy",
  "thread_count": 1,
  "record_count": 1000000,
  "operation_count": 1000000,
  "load_phase_time": 0,
  "run_phase_time": 818.4004008769989,
  "read_latencies": {
    "min": 0.0,
    "max": 0.024152278900146484,
    "mean": 0.0008021738506408706,
    "p50": 0.0006871223449707031,
    "p75": 0.0010721683502197266,
    "p90": 0.0010962486267089844,
    "p99": 0.0015802383422851562
  },
  "update_latencies": {
    "min": 0.0,
    "max": 0.011384248733520508,
    "mean": 0.0011196826189268263,
    "p50": 0.0010833740234375,
    "p75": 0.0011658668518066406,
    "p90": 0.0016086101531982422,
    "p99": 0.0021979808807373047
  },
  "insert_latencies": {},
  "scan_latencies": {},
  "operation_counts": {
    "read": 963856,
    "update": 36144,
    "insert": 0,
    "scan": 0,
    "errors": 0
  }
}