{
  "workload_name": "Read-Only",
  "thread_count": 4,
  "record_count": 10000,
  "operation_count": 10000,
  "load_phase_time": 9.876741647720337,
  "run_phase_time": 2.698862314224243,
  "read_latencies": {
    "min": 0.0,
    "max": 0.005348920822143555,
    "mean": 0.0010720430850982665,
    "p50": 0.001077413558959961,
    "p75": 0.0011255741119384766,
    "p90": 0.0015099048614501953,
    "p99": 0.002071380615234375
  },
  "update_latencies": {},
  "insert_latencies": {},
  "scan_latencies": {},
  "operation_counts": {
    "read": 10000,
    "update": 0,
    "insert": 0,
    "scan": 0,
    "errors": 0
  },
  "resource_usage": {
    "cpu": {
      "average": 94.77777777777779,
      "max": 156.3,
      "min": 0.0
    },
    "ram": {
      "average": 34.94444444444444,
      "max": 34.94921875,
      "min": 34.8203125
    }
  }
}