{
  "workload_name": "Read-Heavy",
  "thread_count": 1,
  "record_count": 100000,
  "operation_count": 100000,
  "load_phase_time": 0,
  "run_phase_time": 79.04049777984619,
  "read_latencies": {
    "min": 0.0,
    "max": 0.0326082706451416,
    "mean": 0.0007762813526471366,
    "p50": 0.0005626678466796875,
    "p75": 0.0010700225830078125,
    "p90": 0.0010914802551269531,
    "p99": 0.0015635490417480469
  },
  "update_latencies": {
    "min": 0.0,
    "max": 0.007524728775024414,
    "mean": 0.001024619865267571,
    "p50": 0.0010764598846435547,
    "p75": 0.0011203289031982422,
    "p90": 0.0013318061828613281,
    "p99": 0.002131938934326172
  },
  "insert_latencies": {},
  "scan_latencies": {},
  "operation_counts": {
    "read": 96183,
    "update": 3817,
    "insert": 0,
    "scan": 0,
    "errors": 0
  }
}