{
  "workload_name": "Balanced",
  "thread_count": 4,
  "record_count": 100000,
  "operation_count": 100000,
  "load_phase_time": 0,
  "run_phase_time": 24.22042202949524,
  "read_latencies": {
    "min": 0.0,
    "max": 0.006566762924194336,
    "mean": 0.0009067760100687657,
    "p50": 0.0010652542114257812,
    "p75": 0.0010819435119628906,
    "p90": 0.001125335693359375,
    "p99": 0.0016596317291259766
  },
  "update_latencies": {
    "min": 0.0,
    "max": 0.005233049392700195,
    "mean": 0.0010210148523570402,
    "p50": 0.001077413558959961,
    "p75": 0.0011038780212402344,
    "p90": 0.0012691020965576172,
    "p99": 0.0018682479858398438
  },
  "insert_latencies": {},
  "scan_latencies": {},
  "operation_counts": {
    "read": 53564,
    "update": 46436,
    "insert": 0,
    "scan": 0,
    "errors": 0
  }
}