{
  "workload_name": "Read-Heavy",
  "thread_count": 2,
  "record_count": 10000,
  "operation_count": 10000,
  "load_phase_time": 0,
  "run_phase_time": 4.211529493331909,
  "read_latencies": {
    "min": 0.0,
    "max": 0.006029844284057617,
    "mean": 0.0008301742616839254,
    "p50": 0.0010428428649902344,
    "p75": 0.001073598861694336,
    "p90": 0.0011055469512939453,
    "p99": 0.0016324520111083984
  },
  "update_latencies": {
    "min": 0.0,
    "max": 0.002229452133178711,
    "mean": 0.0010104489569761315,
    "p50": 0.0010747909545898438,
    "p75": 0.0011134147644042969,
    "p90": 0.0012564659118652344,
    "p99": 0.0018584728240966797
  },
  "insert_latencies": {},
  "scan_latencies": {},
  "operation_counts": {
    "read": 9608,
    "update": 392,
    "insert": 0,
    "scan": 0,
    "errors": 0
  }
}