{
  "workload_name": "Read-Heavy",
  "thread_count": 1,
  "record_count": 1000000,
  "operation_count": 1000000,
  "load_phase_time": 260.90598726272583,
  "run_phase_time": 1008.8525447845459,
  "read_latencies": {
    "min": 0.0,
    "max": 0.06514239311218262,
    "mean": 0.001002722058083718,
    "p50": 0.001064300537109375,
    "p75": 0.0010814666748046875,
    "p90": 0.0012202262878417969,
    "p99": 0.0027239322662353516
  },
  "update_latencies": {
    "min": 0.0,
    "max": 0.018524169921875,
    "mean": 0.0010237352231090475,
    "p50": 0.0010650157928466797,
    "p75": 0.0010831356048583984,
    "p90": 0.001270294189453125,
    "p99": 0.0026521682739257812
  },
  "insert_latencies": {},
  "scan_latencies": {},
  "operation_counts": {
    "read": 951270,
    "update": 48730,
    "insert": 0,
    "scan": 0,
    "errors": 0
  },
  "resource_usage": {
    "cpu": {
      "average": 23.881393728222996,
      "max": 86.0,
      "min": 0.0
    },
    "ram": {
      "average": 53.519911180935786,
      "max": 64.0390625,
      "min": 47.92578125
    }
  }
}