{
  "workload_name": "Read-Heavy",
  "thread_count": 1,
  "record_count": 10000,
  "operation_count": 10000,
  "load_phase_time": 0,
  "run_phase_time": 7.955472707748413,
  "read_latencies": {
    "min": 0.0,
    "max": 0.008436203002929688,
    "mean": 0.0007822388540817721,
    "p50": 0.0005712509155273438,
    "p75": 0.0010712146759033203,
    "p90": 0.0010912418365478516,
    "p99": 0.0015594959259033203
  },
  "update_latencies": {
    "min": 0.0,
    "max": 0.003684520721435547,
    "mean": 0.0010203129205948267,
    "p50": 0.0010781288146972656,
    "p75": 0.0011088848114013672,
    "p90": 0.0013298988342285156,
    "p99": 0.0021877288818359375
  },
  "insert_latencies": {},
  "scan_latencies": {},
  "operation_counts": {
    "read": 9610,
    "update": 390,
    "insert": 0,
    "scan": 0,
    "errors": 0
  }
}