{
  "workload_name": "Read-Only",
  "thread_count": 1,
  "record_count": 10000,
  "operation_count": 10000,
  "load_phase_time": 0,
  "run_phase_time": 8.281647443771362,
  "read_latencies": {
    "min": 0.0,
    "max": 0.03181862831115723,
    "mean": 0.0008230122566223145,
    "p50": 0.0007381439208984375,
    "p75": 0.0010755062103271484,
    "p90": 0.001100301742553711,
    "p99": 0.0016901493072509766
  },
  "update_latencies": {},
  "insert_latencies": {},
  "scan_latencies": {},
  "operation_counts": {
    "read": 10000,
    "update": 0,
    "insert": 0,
    "scan": 0,
    "errors": 0
  }
}