{
  "workload_name": "Update-Heavy",
  "thread_count": 1,
  "record_count": 10000,
  "operation_count": 10000,
  "load_phase_time": 9.876741647720337,
  "run_phase_time": 9.997009992599487,
  "read_latencies": {
    "min": 0.0,
    "max": 0.0021715164184570312,
    "mean": 0.0009803573683936997,
    "p50": 0.0010690689086914062,
    "p75": 0.0010919570922851562,
    "p90": 0.0011632442474365234,
    "p99": 0.0016973018646240234
  },
  "update_latencies": {
    "min": 0.0,
    "max": 0.02411198616027832,
    "mean": 0.0009903093461553444,
    "p50": 0.0010683536529541016,
    "p75": 0.001092672348022461,
    "p90": 0.001168966293334961,
    "p99": 0.0017547607421875
  },
  "insert_latencies": {},
  "scan_latencies": {},
  "operation_counts": {
    "read": 505,
    "update": 9495,
    "insert": 0,
    "scan": 0,
    "errors": 0
  },
  "resource_usage": {
    "cpu": {
      "average": 23.931,
      "max": 67.2,
      "min": 0.0
    },
    "ram": {
      "average": 34.87078125,
      "max": 34.87109375,
      "min": 34.83984375
    }
  }
}