{
  "workload_name": "Read-Heavy",
  "thread_count": 4,
  "record_count": 10000,
  "operation_count": 10000,
  "load_phase_time": 0,
  "run_phase_time": 2.2730093002319336,
  "read_latencies": {
    "min": 0.0,
    "max": 0.00668644905090332,
    "mean": 0.0008943888321302581,
    "p50": 0.0010635852813720703,
    "p75": 0.0010819435119628906,
    "p90": 0.0011801719665527344,
    "p99": 0.0017402172088623047
  },
  "update_latencies": {
    "min": 0.0,
    "max": 0.0023796558380126953,
    "mean": 0.0010911822319030762,
    "p50": 0.0010879039764404297,
    "p75": 0.0013308525085449219,
    "p90": 0.0015904903411865234,
    "p99": 0.0018918514251708984
  },
  "insert_latencies": {},
  "scan_latencies": {},
  "operation_counts": {
    "read": 9644,
    "update": 356,
    "insert": 0,
    "scan": 0,
    "errors": 0
  }
}