{
  "workload_name": "Update-Heavy",
  "thread_count": 2,
  "record_count": 1000000,
  "operation_count": 1000000,
  "load_phase_time": 260.90598726272583,
  "run_phase_time": 503.2667307853699,
  "read_latencies": {
    "min": 0.0,
    "max": 0.009257316589355469,
    "mean": 0.00098146655151457,
    "p50": 0.0010700225830078125,
    "p75": 0.0010945796966552734,
    "p90": 0.0011811256408691406,
    "p99": 0.0016794204711914062
  },
  "update_latencies": {
    "min": 0.0,
    "max": 0.01165151596069336,
    "mean": 0.000997446865406269,
    "p50": 0.0010707378387451172,
    "p75": 0.0010962486267089844,
    "p90": 0.0011899471282958984,
    "p99": 0.001705169677734375
  },
  "insert_latencies": {},
  "scan_latencies": {},
  "operation_counts": {
    "read": 50975,
    "update": 949025,
    "insert": 0,
    "scan": 0,
    "errors": 0
  },
  "resource_usage": {
    "cpu": {
      "average": 44.35581720215526,
      "max": 133.0,
      "min": 0.0
    },
    "ram": {
      "average": 45.96557183571144,
      "max": 59.94921875,
      "min": 40.02734375
    }
  }
}