{
  "workload_name": "Balanced",
  "thread_count": 4,
  "record_count": 10000,
  "operation_count": 10000,
  "load_phase_time": 0,
  "run_phase_time": 2.5551035404205322,
  "read_latencies": {
    "min": 0.0,
    "max": 0.004443168640136719,
    "mean": 0.0009576486479449036,
    "p50": 0.0010688304901123047,
    "p75": 0.0010852813720703125,
    "p90": 0.0011916160583496094,
    "p99": 0.001811981201171875
  },
  "update_latencies": {
    "min": 0.0,
    "max": 0.004169940948486328,
    "mean": 0.0010863882228538313,
    "p50": 0.001081228256225586,
    "p75": 0.0011267662048339844,
    "p90": 0.0015685558319091797,
    "p99": 0.0022127628326416016
  },
  "insert_latencies": {},
  "scan_latencies": {},
  "operation_counts": {
    "read": 5771,
    "update": 4229,
    "insert": 0,
    "scan": 0,
    "errors": 0
  }
}