{
  "workload_name": "Read-Heavy",
  "thread_count": 2,
  "record_count": 1000000,
  "operation_count": 1000000,
  "load_phase_time": 260.90598726272583,
  "run_phase_time": 491.25559282302856,
  "read_latencies": {
    "min": 0.0,
    "max": 0.022576332092285156,
    "mean": 0.0009765899817267812,
    "p50": 0.0010690689086914062,
    "p75": 0.0010919570922851562,
    "p90": 0.0011734962463378906,
    "p99": 0.0016927719116210938
  },
  "update_latencies": {
    "min": 0.0,
    "max": 0.012592554092407227,
    "mean": 0.000998767891886825,
    "p50": 0.0010695457458496094,
    "p75": 0.0010960102081298828,
    "p90": 0.0011909008026123047,
    "p99": 0.0017046928405761719
  },
  "insert_latencies": {},
  "scan_latencies": {},
  "operation_counts": {
    "read": 951272,
    "update": 48728,
    "insert": 0,
    "scan": 0,
    "errors": 0
  },
  "resource_usage": {
    "cpu": {
      "average": 48.02694745450828,
      "max": 149.6,
      "min": 0.0
    },
    "ram": {
      "average": 48.22197259635044,
      "max": 59.49609375,
      "min": 43.30078125
    }
  }
}