{
  "workload_name": "Read-Heavy",
  "thread_count": 1,
  "record_count": 10000,
  "operation_count": 10000,
  "load_phase_time": 13.011754035949707,
  "run_phase_time": 14.72850227355957,
  "read_latencies": {
    "min": 0.0,
    "max": 0.07050704956054688,
    "mean": 0.00146401083509394,
    "p50": 0.0012443065643310547,
    "p75": 0.0016543865203857422,
    "p90": 0.0017476081848144531,
    "p95": 0.001913309097290039,
    "p99": 0.002774477005004883
  },
  "update_latencies": {
    "min": 0.0006198883056640625,
    "max": 0.01849532127380371,
    "mean": 0.00152626633644104,
    "p50": 0.0015106201171875,
    "p75": 0.001678466796875,
    "p90": 0.0018112659454345703,
    "p95": 0.002226114273071289,
    "p99": 0.004741191864013672
  },
  "insert_latencies": {},
  "scan_latencies": {},
  "operation_counts": {
    "read": 9536,
    "update": 464,
    "insert": 0,
    "scan": 0,
    "errors": 0
  },
  "resource_usage": {
    "cpu": {
      "average": 24.814383561643837,
      "max": 71.0,
      "min": 0.0
    },
    "ram": {
      "average": 34.62767551369863,
      "max": 34.63671875,
      "min": 34.56640625
    }
  }
}