{
  "workload_name": "Update-Heavy",
  "thread_count": 4,
  "record_count": 100000,
  "operation_count": 100000,
  "load_phase_time": 94.87249374389648,
  "run_phase_time": 26.656254291534424,
  "read_latencies": {
    "min": 0.0,
    "max": 0.006704807281494141,
    "mean": 0.0010551757142269523,
    "p50": 0.0010750293731689453,
    "p75": 0.0011131763458251953,
    "p90": 0.001260519027709961,
    "p99": 0.001912832260131836
  },
  "update_latencies": {
    "min": 0.0,
    "max": 0.010540246963500977,
    "mean": 0.0010551173797566263,
    "p50": 0.0010752677917480469,
    "p75": 0.0011148452758789062,
    "p90": 0.0012745857238769531,
    "p99": 0.0018768310546875
  },
  "insert_latencies": {},
  "scan_latencies": {},
  "operation_counts": {
    "read": 5094,
    "update": 94906,
    "insert": 0,
    "scan": 0,
    "errors": 0
  },
  "resource_usage": {
    "cpu": {
      "average": 99.85526315789474,
      "max": 199.5,
      "min": 0.0
    },
    "ram": {
      "average": 40.50788592575188,
      "max": 40.8984375,
      "min": 39.98046875
    }
  }
}