{
  "workload_name": "Read-Heavy",
  "thread_count": 2,
  "record_count": 1000000,
  "operation_count": 1000000,
  "load_phase_time": 0,
  "run_phase_time": 421.605162858963,
  "read_latencies": {
    "min": 0.0,
    "max": 0.012737512588500977,
    "mean": 0.000826579789216585,
    "p50": 0.0010330677032470703,
    "p75": 0.001073598861694336,
    "p90": 0.0010957717895507812,
    "p99": 0.0015952587127685547
  },
  "update_latencies": {
    "min": 0.0,
    "max": 0.011204004287719727,
    "mean": 0.0011571031886949397,
    "p50": 0.0010845661163330078,
    "p75": 0.0011839866638183594,
    "p90": 0.0016224384307861328,
    "p99": 0.0022361278533935547
  },
  "insert_latencies": {},
  "scan_latencies": {},
  "operation_counts": {
    "read": 963976,
    "update": 36024,
    "insert": 0,
    "scan": 0,
    "errors": 0
  }
}