{
  "workload_name": "Update-Heavy",
  "thread_count": 2,
  "record_count": 10000,
  "operation_count": 10000,
  "load_phase_time": 13.011754035949707,
  "run_phase_time": 7.042259931564331,
  "read_latencies": {
    "min": 0.0,
    "max": 0.00780177116394043,
    "mean": 0.0014201749852135808,
    "p50": 0.0012254714965820312,
    "p75": 0.0016644001007080078,
    "p90": 0.0017621517181396484,
    "p95": 0.0018448829650878906,
    "p99": 0.0026459693908691406
  },
  "update_latencies": {
    "min": 0.0,
    "max": 0.008319616317749023,
    "mean": 0.001392840887798422,
    "p50": 0.0012655258178710938,
    "p75": 0.0016551017761230469,
    "p90": 0.0017311573028564453,
    "p95": 0.0018084049224853516,
    "p99": 0.00234222412109375
  },
  "insert_latencies": {},
  "scan_latencies": {},
  "operation_counts": {
    "read": 491,
    "update": 9509,
    "insert": 0,
    "scan": 0,
    "errors": 0
  },
  "resource_usage": {
    "cpu": {
      "average": 42.140845070422536,
      "max": 100.8,
      "min": 0.0
    },
    "ram": {
      "average": 34.64233054577465,
      "max": 34.64453125,
      "min": 34.578125
    }
  }
}