{
  "workload_name": "Update-Heavy",
  "thread_count": 2,
  "record_count": 100000,
  "operation_count": 100000,
  "load_phase_time": 94.87249374389648,
  "run_phase_time": 49.654232025146484,
  "read_latencies": {
    "min": 0.0,
    "max": 0.0026502609252929688,
    "mean": 0.000968390553638968,
    "p50": 0.0010695457458496094,
    "p75": 0.0010902881622314453,
    "p90": 0.001161813735961914,
    "p99": 0.0016472339630126953
  },
  "update_latencies": {
    "min": 0.0,
    "max": 0.008762121200561523,
    "mean": 0.0009841139816549433,
    "p50": 0.0010707378387451172,
    "p75": 0.0010921955108642578,
    "p90": 0.0011713504791259766,
    "p99": 0.0016856193542480469
  },
  "insert_latencies": {},
  "scan_latencies": {},
  "operation_counts": {
    "read": 5141,
    "update": 94859,
    "insert": 0,
    "scan": 0,
    "errors": 0
  },
  "resource_usage": {
    "cpu": {
      "average": 46.363838383838385,
      "max": 117.6,
      "min": 0.0
    },
    "ram": {
      "average": 40.440033143939395,
      "max": 40.8203125,
      "min": 39.9765625
    }
  }
}