{
  "workload_name": "Read-Only",
  "thread_count": 1,
  "record_count": 10000,
  "operation_count": 10000,
  "load_phase_time": 13.011754035949707,
  "run_phase_time": 13.746119260787964,
  "read_latencies": {
    "min": 0.0,
    "max": 0.0176084041595459,
    "mean": 0.0013685819149017334,
    "p50": 0.0011818408966064453,
    "p75": 0.0016448497772216797,
    "p90": 0.0017249584197998047,
    "p95": 0.0018453598022460938,
    "p99": 0.0024399757385253906
  },
  "update_latencies": {},
  "insert_latencies": {},
  "scan_latencies": {},
  "operation_counts": {
    "read": 10000,
    "update": 0,
    "insert": 0,
    "scan": 0,
    "errors": 0
  },
  "resource_usage": {
    "cpu": {
      "average": 24.052554744525548,
      "max": 85.2,
      "min": 0.0
    },
    "ram": {
      "average": 34.64039689781022,
      "max": 34.640625,
      "min": 34.609375
    }
  }
}