{
  "workload_name": "Read-Heavy",
  "thread_count": 4,
  "record_count": 100000,
  "operation_count": 100000,
  "load_phase_time": 0,
  "run_phase_time": 22.9316987991333,
  "read_latencies": {
    "min": 0.0,
    "max": 0.01591944694519043,
    "mean": 0.0009019242646427696,
    "p50": 0.0010652542114257812,
    "p75": 0.001081228256225586,
    "p90": 0.0011196136474609375,
    "p99": 0.001650094985961914
  },
  "update_latencies": {
    "min": 0.0,
    "max": 0.003365755081176758,
    "mean": 0.0011467181608283755,
    "p50": 0.0010945796966552734,
    "p75": 0.0012023448944091797,
    "p90": 0.0016362667083740234,
    "p99": 0.0021207332611083984
  },
  "insert_latencies": {},
  "scan_latencies": {},
  "operation_counts": {
    "read": 96034,
    "update": 3966,
    "insert": 0,
    "scan": 0,
    "errors": 0
  }
}