{
  "workload_name": "Read-Heavy",
  "thread_count": 1,
  "record_count": 100000,
  "operation_count": 100000,
  "load_phase_time": 94.87249374389648,
  "run_phase_time": 99.83937764167786,
  "read_latencies": {
    "min": 0.0,
    "max": 0.01361989974975586,
    "mean": 0.000991462302373009,
    "p50": 0.0010709762573242188,
    "p75": 0.0011019706726074219,
    "p90": 0.0011897087097167969,
    "p99": 0.0018579959869384766
  },
  "update_latencies": {
    "min": 0.0,
    "max": 0.011498212814331055,
    "mean": 0.0010308571919913404,
    "p50": 0.0010731220245361328,
    "p75": 0.0011055469512939453,
    "p90": 0.0012276172637939453,
    "p99": 0.002147674560546875
  },
  "insert_latencies": {},
  "scan_latencies": {},
  "operation_counts": {
    "read": 95187,
    "update": 4813,
    "insert": 0,
    "scan": 0,
    "errors": 0
  },
  "resource_usage": {
    "cpu": {
      "average": 21.483115577889446,
      "max": 86.0,
      "min": 0.0
    },
    "ram": {
      "average": 39.3505182160804,
      "max": 40.76171875,
      "min": 38.58984375
    }
  }
}