{
  "workload_name": "Read-Heavy",
  "thread_count": 4,
  "record_count": 100000,
  "operation_count": 100000,
  "load_phase_time": 94.87249374389648,
  "run_phase_time": 26.320441722869873,
  "read_latencies": {
    "min": 0.0,
    "max": 0.009102106094360352,
    "mean": 0.0010477812345206113,
    "p50": 0.0010745525360107422,
    "p75": 0.0011081695556640625,
    "p90": 0.0012803077697753906,
    "p99": 0.0018622875213623047
  },
  "update_latencies": {
    "min": 0.0,
    "max": 0.003729581832885742,
    "mean": 0.0010394684803675701,
    "p50": 0.001074075698852539,
    "p75": 0.0011069774627685547,
    "p90": 0.0012705326080322266,
    "p99": 0.0017867088317871094
  },
  "insert_latencies": {},
  "scan_latencies": {},
  "operation_counts": {
    "read": 95039,
    "update": 4961,
    "insert": 0,
    "scan": 0,
    "errors": 0
  },
  "resource_usage": {
    "cpu": {
      "average": 104.53167938931298,
      "max": 168.0,
      "min": 0.0
    },
    "ram": {
      "average": 40.50113311068702,
      "max": 40.890625,
      "min": 39.93359375
    }
  }
}