{
  "workload_name": "Update-Heavy",
  "thread_count": 1,
  "record_count": 10000,
  "operation_count": 10000,
  "load_phase_time": 0,
  "run_phase_time": 9.861529350280762,
  "read_latencies": {
    "min": 0.0,
    "max": 0.002049684524536133,
    "mean": 0.0008535327483129419,
    "p50": 0.0010569095611572266,
    "p75": 0.0010807514190673828,
    "p90": 0.0011091232299804688,
    "p99": 0.0015735626220703125
  },
  "update_latencies": {
    "min": 0.0,
    "max": 0.006285667419433594,
    "mean": 0.0009779581382337642,
    "p50": 0.0010738372802734375,
    "p75": 0.0010907649993896484,
    "p90": 0.0011909008026123047,
    "p99": 0.0017600059509277344
  },
  "insert_latencies": {},
  "scan_latencies": {},
  "operation_counts": {
    "read": 579,
    "update": 9421,
    "insert": 0,
    "scan": 0,
    "errors": 0
  }
}