{
  "workload_name": "Update-Heavy",
  "thread_count": 4,
  "record_count": 10000,
  "operation_count": 10000,
  "load_phase_time": 0,
  "run_phase_time": 3.325615167617798,
  "read_latencies": {
    "min": 0.0,
    "max": 0.0025725364685058594,
    "mean": 0.0010913662858061737,
    "p50": 0.0010783672332763672,
    "p75": 0.0011723041534423828,
    "p90": 0.0016069412231445312,
    "p99": 0.0025038719177246094
  },
  "update_latencies": {
    "min": 0.0,
    "max": 0.0668954849243164,
    "mean": 0.0013300054694579736,
    "p50": 0.0010895729064941406,
    "p75": 0.0013692378997802734,
    "p90": 0.0016720294952392578,
    "p99": 0.005075693130493164
  },
  "insert_latencies": {},
  "scan_latencies": {},
  "operation_counts": {
    "read": 728,
    "update": 9272,
    "insert": 0,
    "scan": 0,
    "errors": 0
  }
}