{
  "workload_name": "Balanced",
  "thread_count": 1,
  "record_count": 100000,
  "operation_count": 100000,
  "load_phase_time": 0,
  "run_phase_time": 86.80703282356262,
  "read_latencies": {
    "min": 0.0,
    "max": 0.023975849151611328,
    "mean": 0.0007923495594192954,
    "p50": 0.0005958080291748047,
    "p75": 0.0010726451873779297,
    "p90": 0.0010957717895507812,
    "p99": 0.0015997886657714844
  },
  "update_latencies": {
    "min": 0.0,
    "max": 0.027524709701538086,
    "mean": 0.0009401745806660568,
    "p50": 0.0010712146759033203,
    "p75": 0.0010879039764404297,
    "p90": 0.00113677978515625,
    "p99": 0.001737356185913086
  },
  "insert_latencies": {},
  "scan_latencies": {},
  "operation_counts": {
    "read": 54400,
    "update": 45600,
    "insert": 0,
    "scan": 0,
    "errors": 0
  }
}