{
  "workload_name": "Update-Heavy",
  "thread_count": 1,
  "record_count": 100000,
  "operation_count": 100000,
  "load_phase_time": 94.87249374389648,
  "run_phase_time": 99.02264451980591,
  "read_latencies": {
    "min": 0.0,
    "max": 0.01243138313293457,
    "mean": 0.0009661680953368901,
    "p50": 0.0010657310485839844,
    "p75": 0.0010879039764404297,
    "p90": 0.0011544227600097656,
    "p99": 0.0016863346099853516
  },
  "update_latencies": {
    "min": 0.0,
    "max": 0.012973785400390625,
    "mean": 0.0009807214800046469,
    "p50": 0.0010671615600585938,
    "p75": 0.0010912418365478516,
    "p90": 0.0011641979217529297,
    "p99": 0.0017130374908447266
  },
  "insert_latencies": {},
  "scan_latencies": {},
  "operation_counts": {
    "read": 5098,
    "update": 94902,
    "insert": 0,
    "scan": 0,
    "errors": 0
  },
  "resource_usage": {
    "cpu": {
      "average": 19.89564336372847,
      "max": 71.7,
      "min": 0.0
    },
    "ram": {
      "average": 38.40911537487335,
      "max": 39.41796875,
      "min": 37.90234375
    }
  }
}