{
  "workload_name": "Update-Heavy",
  "thread_count": 1,
  "record_count": 1000000,
  "operation_count": 1000000,
  "load_phase_time": 0,
  "run_phase_time": 982.405121088028,
  "read_latencies": {
    "min": 0.0,
    "max": 0.009621620178222656,
    "mean": 0.00081864582458941,
    "p50": 0.0010030269622802734,
    "p75": 0.0010733604431152344,
    "p90": 0.0010914802551269531,
    "p99": 0.0015516281127929688
  },
  "update_latencies": {
    "min": 0.0,
    "max": 0.025355100631713867,
    "mean": 0.0009794038810575399,
    "p50": 0.0010726451873779297,
    "p75": 0.001087188720703125,
    "p90": 0.0011341571807861328,
    "p99": 0.0016701221466064453
  },
  "insert_latencies": {},
  "scan_latencies": {},
  "operation_counts": {
    "read": 59539,
    "update": 940461,
    "insert": 0,
    "scan": 0,
    "errors": 0
  }
}