{
  "workload_name": "Balanced",
  "thread_count": 1,
  "record_count": 1000000,
  "operation_count": 1000000,
  "load_phase_time": 0,
  "run_phase_time": 903.897002696991,
  "read_latencies": {
    "min": 0.0,
    "max": 0.044521331787109375,
    "mean": 0.0008054904933403454,
    "p50": 0.0007429122924804688,
    "p75": 0.0010724067687988281,
    "p90": 0.0010950565338134766,
    "p99": 0.001567840576171875
  },
  "update_latencies": {
    "min": 0.0,
    "max": 0.013874530792236328,
    "mean": 0.0010089487276450867,
    "p50": 0.0010750293731689453,
    "p75": 0.001092672348022461,
    "p90": 0.0011811256408691406,
    "p99": 0.001794576644897461
  },
  "insert_latencies": {},
  "scan_latencies": {},
  "operation_counts": {
    "read": 558053,
    "update": 441947,
    "insert": 0,
    "scan": 0,
    "errors": 0
  }
}