{
  "workload_name": "Balanced",
  "thread_count": 4,
  "record_count": 10000,
  "operation_count": 10000,
  "load_phase_time": 13.011754035949707,
  "run_phase_time": 3.67032527923584,
  "read_latencies": {
    "min": 0.0,
    "max": 0.020908832550048828,
    "mean": 0.0014354603971901952,
    "p50": 0.0014235973358154297,
    "p75": 0.001667022705078125,
    "p90": 0.0017538070678710938,
    "p95": 0.001987934112548828,
    "p99": 0.0026438236236572266
  },
  "update_latencies": {
    "min": 0.0,
    "max": 0.005648136138916016,
    "mean": 0.0014651011025980638,
    "p50": 0.001622915267944336,
    "p75": 0.0016753673553466797,
    "p90": 0.0017676353454589844,
    "p95": 0.002010822296142578,
    "p99": 0.0025038719177246094
  },
  "insert_latencies": {},
  "scan_latencies": {},
  "operation_counts": {
    "read": 4598,
    "update": 5402,
    "insert": 0,
    "scan": 0,
    "errors": 0
  },
  "resource_usage": {
    "cpu": {
      "average": 98.56486486486486,
      "max": 149.6,
      "min": 0.0
    },
    "ram": {
      "average": 34.767842060810814,
      "max": 34.85546875,
      "min": 34.58203125
    }
  }
}