{
  "workload_name": "Read-Heavy",
  "thread_count": 4,
  "record_count": 1000000,
  "operation_count": 1000000,
  "load_phase_time": 0,
  "run_phase_time": 233.50827264785767,
  "read_latencies": {
    "min": 0.0,
    "max": 0.01261758804321289,
    "mean": 0.0009144553848809012,
    "p50": 0.0010633468627929688,
    "p75": 0.0010797977447509766,
    "p90": 0.0011188983917236328,
    "p99": 0.0016603469848632812
  },
  "update_latencies": {
    "min": 0.0,
    "max": 0.012514352798461914,
    "mean": 0.0013270058455746847,
    "p50": 0.0011358261108398438,
    "p75": 0.0016133785247802734,
    "p90": 0.001741170883178711,
    "p99": 0.002560853958129883
  },
  "insert_latencies": {},
  "scan_latencies": {},
  "operation_counts": {
    "read": 965161,
    "update": 34839,
    "insert": 0,
    "scan": 0,
    "errors": 0
  }
}