{
  "workload_name": "Update-Heavy",
  "thread_count": 1,
  "record_count": 100000,
  "operation_count": 100000,
  "load_phase_time": 0,
  "run_phase_time": 92.66317415237427,
  "read_latencies": {
    "min": 0.0,
    "max": 0.01141810417175293,
    "mean": 0.0008255290139008535,
    "p50": 0.0010066032409667969,
    "p75": 0.0010745525360107422,
    "p90": 0.0010936260223388672,
    "p99": 0.0015578269958496094
  },
  "update_latencies": {
    "min": 0.0,
    "max": 0.027463674545288086,
    "mean": 0.0009193675592758563,
    "p50": 0.0010707378387451172,
    "p75": 0.001085042953491211,
    "p90": 0.0011239051818847656,
    "p99": 0.0016810894012451172
  },
  "insert_latencies": {},
  "scan_latencies": {},
  "operation_counts": {
    "read": 5523,
    "update": 94477,
    "insert": 0,
    "scan": 0,
    "errors": 0
  }
}