{
  "workload_name": "Read-Heavy",
  "thread_count": 4,
  "record_count": 10000,
  "operation_count": 10000,
  "load_phase_time": 13.011754035949707,
  "run_phase_time": 3.7035582065582275,
  "read_latencies": {
    "min": 0.0,
    "max": 0.007376909255981445,
    "mean": 0.0014649035780690998,
    "p50": 0.0015490055084228516,
    "p75": 0.0016794204711914062,
    "p90": 0.001809835433959961,
    "p95": 0.0021753311157226562,
    "p99": 0.002739429473876953
  },
  "update_latencies": {
    "min": 0.0005693435668945312,
    "max": 0.021196842193603516,
    "mean": 0.0016606028633888322,
    "p50": 0.0016300678253173828,
    "p75": 0.001678466796875,
    "p90": 0.001775503158569336,
    "p95": 0.0018434524536132812,
    "p99": 0.017042875289916992
  },
  "insert_latencies": {},
  "scan_latencies": {},
  "operation_counts": {
    "read": 9604,
    "update": 396,
    "insert": 0,
    "scan": 0,
    "errors": 0
  },
  "resource_usage": {
    "cpu": {
      "average": 104.07027027027027,
      "max": 151.2,
      "min": 0.0
    },
    "ram": {
      "average": 34.96347128378378,
      "max": 34.96875,
      "min": 34.83203125
    }
  }
}