{
  "workload_name": "Balanced",
  "thread_count": 4,
  "record_count": 1000000,
  "operation_count": 1000000,
  "load_phase_time": 0,
  "run_phase_time": 257.6049871444702,
  "read_latencies": {
    "min": 0.0,
    "max": 0.011156082153320312,
    "mean": 0.0009165012061560359,
    "p50": 0.0010640621185302734,
    "p75": 0.0010800361633300781,
    "p90": 0.0011167526245117188,
    "p99": 0.0016701221466064453
  },
  "update_latencies": {
    "min": 0.0,
    "max": 0.03338932991027832,
    "mean": 0.0011567145730787163,
    "p50": 0.001081228256225586,
    "p75": 0.0011641979217529297,
    "p90": 0.0016167163848876953,
    "p99": 0.0021386146545410156
  },
  "insert_latencies": {},
  "scan_latencies": {},
  "operation_counts": {
    "read": 559882,
    "update": 440118,
    "insert": 0,
    "scan": 0,
    "errors": 0
  }
}