{
  "workload_name": "Update-Heavy",
  "thread_count": 1,
  "record_count": 1000000,
  "operation_count": 1000000,
  "load_phase_time": 260.90598726272583,
  "run_phase_time": 1025.1567323207855,
  "read_latencies": {
    "min": 0.0,
    "max": 0.01434326171875,
    "mean": 0.0010024860662796533,
    "p50": 0.0010645389556884766,
    "p75": 0.0010831356048583984,
    "p90": 0.001188516616821289,
    "p99": 0.0025594234466552734
  },
  "update_latencies": {
    "min": 0.0,
    "max": 0.043866872787475586,
    "mean": 0.0010157010090777584,
    "p50": 0.0010650157928466797,
    "p75": 0.0010838508605957031,
    "p90": 0.0012097358703613281,
    "p99": 0.002644777297973633
  },
  "insert_latencies": {},
  "scan_latencies": {},
  "operation_counts": {
    "read": 50837,
    "update": 949163,
    "insert": 0,
    "scan": 0,
    "errors": 0
  },
  "resource_usage": {
    "cpu": {
      "average": 21.158791262611423,
      "max": 99.7,
      "min": 0.0
    },
    "ram": {
      "average": 44.94860348405818,
      "max": 60.58984375,
      "min": 37.984375
    }
  }
}