{
  "workload_name": "Update-Heavy",
  "thread_count": 2,
  "record_count": 1000000,
  "operation_count": 1000000,
  "load_phase_time": 0,
  "run_phase_time": 514.9449064731598,
  "read_latencies": {
    "min": 0.0,
    "max": 0.007707357406616211,
    "mean": 0.0008490383234397631,
    "p50": 0.0010540485382080078,
    "p75": 0.0010764598846435547,
    "p90": 0.0010976791381835938,
    "p99": 0.0016133785247802734
  },
  "update_latencies": {
    "min": 0.0,
    "max": 0.011366844177246094,
    "mean": 0.0010273434957400265,
    "p50": 0.0010745525360107422,
    "p75": 0.001092672348022461,
    "p90": 0.0012254714965820312,
    "p99": 0.0017628669738769531
  },
  "insert_latencies": {},
  "scan_latencies": {},
  "operation_counts": {
    "read": 60271,
    "update": 939729,
    "insert": 0,
    "scan": 0,
    "errors": 0
  }
}