{
  "workload_name": "Update-Heavy",
  "thread_count": 4,
  "record_count": 100000,
  "operation_count": 100000,
  "load_phase_time": 0,
  "run_phase_time": 25.62746524810791,
  "read_latencies": {
    "min": 0.0,
    "max": 0.004856586456298828,
    "mean": 0.0009573586292285204,
    "p50": 0.0010700225830078125,
    "p75": 0.0010862350463867188,
    "p90": 0.0011475086212158203,
    "p99": 0.0016465187072753906
  },
  "update_latencies": {
    "min": 0.0,
    "max": 0.006896495819091797,
    "mean": 0.00101485451303525,
    "p50": 0.0010762214660644531,
    "p75": 0.001096487045288086,
    "p90": 0.0012366771697998047,
    "p99": 0.0019147396087646484
  },
  "insert_latencies": {},
  "scan_latencies": {},
  "operation_counts": {
    "read": 5195,
    "update": 94805,
    "insert": 0,
    "scan": 0,
    "errors": 0
  }
}