{
  "workload_name": "Read-Heavy",
  "thread_count": 2,
  "record_count": 100000,
  "operation_count": 100000,
  "load_phase_time": 94.87249374389648,
  "run_phase_time": 48.737520694732666,
  "read_latencies": {
    "min": 0.0,
    "max": 0.009180784225463867,
    "mean": 0.0009691502265640764,
    "p50": 0.0010704994201660156,
    "p75": 0.0010921955108642578,
    "p90": 0.0011749267578125,
    "p99": 0.0016951560974121094
  },
  "update_latencies": {
    "min": 0.0,
    "max": 0.006783962249755859,
    "mean": 0.0009910061579377976,
    "p50": 0.0010707378387451172,
    "p75": 0.0010974407196044922,
    "p90": 0.0012378692626953125,
    "p99": 0.0017888545989990234
  },
  "insert_latencies": {},
  "scan_latencies": {},
  "operation_counts": {
    "read": 95166,
    "update": 4834,
    "insert": 0,
    "scan": 0,
    "errors": 0
  },
  "resource_usage": {
    "cpu": {
      "average": 48.3880658436214,
      "max": 117.6,
      "min": 0.0
    },
    "ram": {
      "average": 40.29120852623457,
      "max": 40.6796875,
      "min": 39.78125
    }
  }
}