{
  "workload_name": "Balanced",
  "thread_count": 4,
  "record_count": 100000,
  "operation_count": 100000,
  "load_phase_time": 94.87249374389648,
  "run_phase_time": 26.735608100891113,
  "read_latencies": {
    "min": 0.0,
    "max": 0.007165670394897461,
    "mean": 0.001061120273523865,
    "p50": 0.0010752677917480469,
    "p75": 0.0011124610900878906,
    "p90": 0.0013103485107421875,
    "p99": 0.0019931793212890625
  },
  "update_latencies": {
    "min": 0.0,
    "max": 0.008150339126586914,
    "mean": 0.0010598751036176614,
    "p50": 0.00107574462890625,
    "p75": 0.0011131763458251953,
    "p90": 0.0012860298156738281,
    "p99": 0.0019137859344482422
  },
  "insert_latencies": {},
  "scan_latencies": {},
  "operation_counts": {
    "read": 49597,
    "update": 50403,
    "insert": 0,
    "scan": 0,
    "errors": 0
  },
  "resource_usage": {
    "cpu": {
      "average": 102.12593984962406,
      "max": 184.8,
      "min": 0.0
    },
    "ram": {
      "average": 40.79452537593985,
      "max": 41.28125,
      "min": 39.921875
    }
  }
}