{
  "workload_name": "Read-Heavy",
  "thread_count": 4,
  "record_count": 10000,
  "operation_count": 10000,
  "load_phase_time": 9.876741647720337,
  "run_phase_time": 2.674609422683716,
  "read_latencies": {
    "min": 0.0,
    "max": 0.006415843963623047,
    "mean": 0.0010629326582384812,
    "p50": 0.0010764598846435547,
    "p75": 0.001115560531616211,
    "p90": 0.0015053749084472656,
    "p99": 0.002010345458984375
  },
  "update_latencies": {
    "min": 0.0,
    "max": 0.002069711685180664,
    "mean": 0.0010386456958884325,
    "p50": 0.0010750293731689453,
    "p75": 0.0010950565338134766,
    "p90": 0.0012145042419433594,
    "p99": 0.0018274784088134766
  },
  "insert_latencies": {},
  "scan_latencies": {},
  "operation_counts": {
    "read": 9429,
    "update": 571,
    "insert": 0,
    "scan": 0,
    "errors": 0
  },
  "resource_usage": {
    "cpu": {
      "average": 91.69259259259259,
      "max": 133.0,
      "min": 0.0
    },
    "ram": {
      "average": 34.936776620370374,
      "max": 34.94140625,
      "min": 34.81640625
    }
  }
}