{
  "workload_name": "Balanced",
  "thread_count": 1,
  "record_count": 10000,
  "operation_count": 10000,
  "load_phase_time": 2.757195234298706,
  "run_phase_time": 10.09216594696045,
  "read_latencies": {
    "min": 0.0,
    "max": 0.010773897171020508,
    "mean": 0.0009906240627526096,
    "p50": 0.0010709762573242188,
    "p75": 0.0010902881622314453,
    "p90": 0.0011539459228515625,
    "p99": 0.0018968582153320312
  },
  "update_latencies": {
    "min": 0.0,
    "max": 0.008769512176513672,
    "mean": 0.0010116397377767303,
    "p50": 0.001071929931640625,
    "p75": 0.0010924339294433594,
    "p90": 0.0011577606201171875,
    "p99": 0.0017216205596923828
  },
  "insert_latencies": {},
  "scan_latencies": {},
  "operation_counts": {
    "read": 5016,
    "update": 4984,
    "insert": 0,
    "scan": 0,
    "errors": 0
  },
  "resource_usage": {
    "cpu": {
      "average": 20.305940594059408,
      "max": 66.5,
      "min": 0.0
    },
    "ram": {
      "average": 34.6521890470297,
      "max": 34.7265625,
      "min": 34.5859375
    }
  }
}