{
  "workload_name": "Balanced",
  "thread_count": 2,
  "record_count": 100000,
  "operation_count": 100000,
  "load_phase_time": 94.87249374389648,
  "run_phase_time": 49.235466957092285,
  "read_latencies": {
    "min": 0.0,
    "max": 0.021192550659179688,
    "mean": 0.0009657635705497624,
    "p50": 0.0010695457458496094,
    "p75": 0.00109100341796875,
    "p90": 0.0011715888977050781,
    "p99": 0.0016696453094482422
  },
  "update_latencies": {
    "min": 0.0,
    "max": 0.022187471389770508,
    "mean": 0.0009887900565619199,
    "p50": 0.0010704994201660156,
    "p75": 0.0010941028594970703,
    "p90": 0.0011794567108154297,
    "p99": 0.0016887187957763672
  },
  "insert_latencies": {},
  "scan_latencies": {},
  "operation_counts": {
    "read": 50491,
    "update": 49509,
    "insert": 0,
    "scan": 0,
    "errors": 0
  },
  "resource_usage": {
    "cpu": {
      "average": 47.08105906313646,
      "max": 117.6,
      "min": 0.0
    },
    "ram": {
      "average": 40.497684890529534,
      "max": 40.984375,
      "min": 39.7578125
    }
  }
}