{
  "workload_name": "Read-Only",
  "thread_count": 2,
  "record_count": 10000,
  "operation_count": 10000,
  "load_phase_time": 13.011754035949707,
  "run_phase_time": 7.1582489013671875,
  "read_latencies": {
    "min": 0.0,
    "max": 0.030792951583862305,
    "mean": 0.0014250511407852173,
    "p50": 0.001262664794921875,
    "p75": 0.0016632080078125,
    "p90": 0.0017521381378173828,
    "p95": 0.0019512176513671875,
    "p99": 0.0025682449340820312
  },
  "update_latencies": {},
  "insert_latencies": {},
  "scan_latencies": {},
  "operation_counts": {
    "read": 10000,
    "update": 0,
    "insert": 0,
    "scan": 0,
    "errors": 0
  },
  "resource_usage": {
    "cpu": {
      "average": 53.65138888888889,
      "max": 100.3,
      "min": 0.0
    },
    "ram": {
      "average": 34.63975694444444,
      "max": 34.640625,
      "min": 34.578125
    }
  }
}