{
  "workload_name": "Read-Only",
  "thread_count": 1,
  "record_count": 10000,
  "operation_count": 10000,
  "load_phase_time": 9.876741647720337,
  "run_phase_time": 9.623542070388794,
  "read_latencies": {
    "min": 0.0,
    "max": 0.012958049774169922,
    "mean": 0.0009578885555267334,
    "p50": 0.0010657310485839844,
    "p75": 0.0010898113250732422,
    "p90": 0.0011739730834960938,
    "p99": 0.0017571449279785156
  },
  "update_latencies": {},
  "insert_latencies": {},
  "scan_latencies": {},
  "operation_counts": {
    "read": 10000,
    "update": 0,
    "insert": 0,
    "scan": 0,
    "errors": 0
  },
  "resource_usage": {
    "cpu": {
      "average": 23.801041666666666,
      "max": 67.2,
      "min": 0.0
    },
    "ram": {
      "average": 34.808268229166664,
      "max": 34.80859375,
      "min": 34.77734375
    }
  }
}