{
  "workload_name": "Update-Heavy",
  "thread_count": 2,
  "record_count": 10000,
  "operation_count": 10000,
  "load_phase_time": 9.876741647720337,
  "run_phase_time": 5.09570574760437,
  "read_latencies": {
    "min": 0.0,
    "max": 0.0022170543670654297,
    "mean": 0.0010098556757938523,
    "p50": 0.0010750293731689453,
    "p75": 0.00110626220703125,
    "p90": 0.0012874603271484375,
    "p99": 0.0017712116241455078
  },
  "update_latencies": {
    "min": 0.0,
    "max": 0.009265899658203125,
    "mean": 0.0010089879534557044,
    "p50": 0.0010709762573242188,
    "p75": 0.001104593276977539,
    "p90": 0.0012218952178955078,
    "p99": 0.0017664432525634766
  },
  "insert_latencies": {},
  "scan_latencies": {},
  "operation_counts": {
    "read": 494,
    "update": 9506,
    "insert": 0,
    "scan": 0,
    "errors": 0
  },
  "resource_usage": {
    "cpu": {
      "average": 45.12156862745098,
      "max": 86.0,
      "min": 0.0
    },
    "ram": {
      "average": 34.865349264705884,
      "max": 34.8671875,
      "min": 34.80078125
    }
  }
}