{
  "workload_name": "Update-Heavy",
  "thread_count": 4,
  "record_count": 10000,
  "operation_count": 10000,
  "load_phase_time": 9.876741647720337,
  "run_phase_time": 3.1846046447753906,
  "read_latencies": {
    "min": 0.0005271434783935547,
    "max": 0.022511720657348633,
    "mean": 0.0014920264557190706,
    "p50": 0.0010859966278076172,
    "p75": 0.0011546611785888672,
    "p90": 0.0016226768493652344,
    "p99": 0.021973133087158203
  },
  "update_latencies": {
    "min": 0.0,
    "max": 0.10716938972473145,
    "mean": 0.0012506789036708975,
    "p50": 0.0010764598846435547,
    "p75": 0.0011293888092041016,
    "p90": 0.0016024112701416016,
    "p99": 0.0053751468658447266
  },
  "insert_latencies": {},
  "scan_latencies": {},
  "operation_counts": {
    "read": 399,
    "update": 9601,
    "insert": 0,
    "scan": 0,
    "errors": 0
  },
  "resource_usage": {
    "cpu": {
      "average": 84.29375,
      "max": 168.0,
      "min": 0.0
    },
    "ram": {
      "average": 34.939697265625,
      "max": 34.94921875,
      "min": 34.82421875
    }
  }
}