{
  "workload_name": "Update-Heavy",
  "thread_count": 2,
  "record_count": 10000,
  "operation_count": 10000,
  "load_phase_time": 0,
  "run_phase_time": 5.186843633651733,
  "read_latencies": {
    "min": 0.0,
    "max": 0.0016984939575195312,
    "mean": 0.0008939493922399661,
    "p50": 0.0010673999786376953,
    "p75": 0.0010836124420166016,
    "p90": 0.0011286735534667969,
    "p99": 0.0016741752624511719
  },
  "update_latencies": {
    "min": 0.0,
    "max": 0.038847923278808594,
    "mean": 0.0010316110599044772,
    "p50": 0.0010733604431152344,
    "p75": 0.0010914802551269531,
    "p90": 0.0012233257293701172,
    "p99": 0.002315998077392578
  },
  "insert_latencies": {},
  "scan_latencies": {},
  "operation_counts": {
    "read": 557,
    "update": 9443,
    "insert": 0,
    "scan": 0,
    "errors": 0
  }
}