{
  "workload_name": "Update-Heavy",
  "thread_count": 4,
  "record_count": 1000000,
  "operation_count": 1000000,
  "load_phase_time": 0,
  "run_phase_time": 285.0748145580292,
  "read_latencies": {
    "min": 0.0,
    "max": 0.005579710006713867,
    "mean": 0.0009329759342875422,
    "p50": 0.001064300537109375,
    "p75": 0.0010807514190673828,
    "p90": 0.0011126995086669922,
    "p99": 0.0016591548919677734
  },
  "update_latencies": {
    "min": 0.0,
    "max": 0.007709503173828125,
    "mean": 0.0011402251866962244,
    "p50": 0.001079559326171875,
    "p75": 0.0011353492736816406,
    "p90": 0.00160980224609375,
    "p99": 0.002063751220703125
  },
  "insert_latencies": {},
  "scan_latencies": {},
  "operation_counts": {
    "read": 60587,
    "update": 939413,
    "insert": 0,
    "scan": 0,
    "errors": 0
  }
}