{
  "workload_name": "Balanced",
  "thread_count": 4,
  "record_count": 1000000,
  "operation_count": 1000000,
  "load_phase_time": 260.90598726272583,
  "run_phase_time": 266.2835557460785,
  "read_latencies": {
    "min": 0.0,
    "max": 0.014917373657226562,
    "mean": 0.0010569600090830531,
    "p50": 0.0010750293731689453,
    "p75": 0.0011174678802490234,
    "p90": 0.0013222694396972656,
    "p99": 0.0019838809967041016
  },
  "update_latencies": {
    "min": 0.0,
    "max": 0.01015782356262207,
    "mean": 0.001056743582852032,
    "p50": 0.0010755062103271484,
    "p75": 0.0011172294616699219,
    "p90": 0.0013091564178466797,
    "p99": 0.00188446044921875
  },
  "insert_latencies": {},
  "scan_latencies": {},
  "operation_counts": {
    "read": 501607,
    "update": 498393,
    "insert": 0,
    "scan": 0,
    "errors": 0
  },
  "resource_usage": {
    "cpu": {
      "average": 98.56009815024538,
      "max": 199.5,
      "min": 0.0
    },
    "ram": {
      "average": 49.57771210834277,
      "max": 59.65625,
      "min": 44.88671875
    }
  }
}