{
  "workload_name": "Balanced",
  "thread_count": 2,
  "record_count": 10000,
  "operation_count": 10000,
  "load_phase_time": 0,
  "run_phase_time": 5.415348529815674,
  "read_latencies": {
    "min": 0.0,
    "max": 0.006952524185180664,
    "mean": 0.0009163488751180096,
    "p50": 0.0010640621185302734,
    "p75": 0.001081228256225586,
    "p90": 0.0011317729949951172,
    "p99": 0.0017621517181396484
  },
  "update_latencies": {
    "min": 0.0,
    "max": 0.024246931076049805,
    "mean": 0.001296492346592604,
    "p50": 0.0010838508605957031,
    "p75": 0.0011806488037109375,
    "p90": 0.0016472339630126953,
    "p99": 0.007848024368286133
  },
  "insert_latencies": {},
  "scan_latencies": {},
  "operation_counts": {
    "read": 5862,
    "update": 4138,
    "insert": 0,
    "scan": 0,
    "errors": 0
  }
}