{
  "workload_name": "Read-Heavy",
  "thread_count": 2,
  "record_count": 10000,
  "operation_count": 10000,
  "load_phase_time": 9.876741647720337,
  "run_phase_time": 5.228452205657959,
  "read_latencies": {
    "min": 0.0,
    "max": 0.007512807846069336,
    "mean": 0.0010350636173257067,
    "p50": 0.0010738372802734375,
    "p75": 0.0011014938354492188,
    "p90": 0.0012230873107910156,
    "p99": 0.0018444061279296875
  },
  "update_latencies": {
    "min": 0.0,
    "max": 0.0026891231536865234,
    "mean": 0.0011358315541863985,
    "p50": 0.0010828971862792969,
    "p75": 0.0011379718780517578,
    "p90": 0.0016176700592041016,
    "p99": 0.0023581981658935547
  },
  "insert_latencies": {},
  "scan_latencies": {},
  "operation_counts": {
    "read": 9562,
    "update": 438,
    "insert": 0,
    "scan": 0,
    "errors": 0
  },
  "resource_usage": {
    "cpu": {
      "average": 50.37358490566038,
      "max": 116.4,
      "min": 0.0
    },
    "ram": {
      "average": 34.911630306603776,
      "max": 34.91796875,
      "min": 34.85546875
    }
  }
}