{
  "workload_name": "Balanced",
  "thread_count": 2,
  "record_count": 1000000,
  "operation_count": 1000000,
  "load_phase_time": 0,
  "run_phase_time": 468.3058042526245,
  "read_latencies": {
    "min": 0.0,
    "max": 0.012706279754638672,
    "mean": 0.0008318055880036661,
    "p50": 0.0010411739349365234,
    "p75": 0.0010743141174316406,
    "p90": 0.001096487045288086,
    "p99": 0.0016036033630371094
  },
  "update_latencies": {
    "min": 0.0,
    "max": 0.017343997955322266,
    "mean": 0.0010500995659116692,
    "p50": 0.0010762214660644531,
    "p75": 0.0010988712310791016,
    "p90": 0.0013115406036376953,
    "p99": 0.0018627643585205078
  },
  "insert_latencies": {},
  "scan_latencies": {},
  "operation_counts": {
    "read": 560154,
    "update": 439846,
    "insert": 0,
    "scan": 0,
    "errors": 0
  }
}