{
  "workload_name": "Update-Heavy",
  "thread_count": 2,
  "record_count": 100000,
  "operation_count": 100000,
  "load_phase_time": 0,
  "run_phase_time": 47.59224033355713,
  "read_latencies": {
    "min": 0.0,
    "max": 0.004065275192260742,
    "mean": 0.0008671334729956244,
    "p50": 0.001062154769897461,
    "p75": 0.0010797977447509766,
    "p90": 0.0011067390441894531,
    "p99": 0.0016160011291503906
  },
  "update_latencies": {
    "min": 0.0,
    "max": 0.005776166915893555,
    "mean": 0.0009424041493217451,
    "p50": 0.0010724067687988281,
    "p75": 0.0010881423950195312,
    "p90": 0.0011377334594726562,
    "p99": 0.0016727447509765625
  },
  "insert_latencies": {},
  "scan_latencies": {},
  "operation_counts": {
    "read": 5422,
    "update": 94578,
    "insert": 0,
    "scan": 0,
    "errors": 0
  }
}