{
  "workload_name": "Balanced",
  "thread_count": 2,
  "record_count": 1000000,
  "operation_count": 1000000,
  "load_phase_time": 260.90598726272583,
  "run_phase_time": 496.0528519153595,
  "read_latencies": {
    "min": 0.0,
    "max": 0.02504897117614746,
    "mean": 0.0009739506976535323,
    "p50": 0.0010683536529541016,
    "p75": 0.00109100341796875,
    "p90": 0.0011692047119140625,
    "p99": 0.0016837120056152344
  },
  "update_latencies": {
    "min": 0.0,
    "max": 0.013172388076782227,
    "mean": 0.0009963235858120164,
    "p50": 0.0010695457458496094,
    "p75": 0.0010945796966552734,
    "p90": 0.0011849403381347656,
    "p99": 0.001703023910522461
  },
  "insert_latencies": {},
  "scan_latencies": {},
  "operation_counts": {
    "read": 506986,
    "update": 493014,
    "insert": 0,
    "scan": 0,
    "errors": 0
  },
  "resource_usage": {
    "cpu": {
      "average": 45.86513464264021,
      "max": 133.0,
      "min": 0.0
    },
    "ram": {
      "average": 45.398581443612066,
      "max": 59.62890625,
      "min": 38.2890625
    }
  }
}