{
  "workload_name": "Balanced",
  "thread_count": 2,
  "record_count": 10000,
  "operation_count": 10000,
  "load_phase_time": 9.876741647720337,
  "run_phase_time": 4.948545694351196,
  "read_latencies": {
    "min": 0.0,
    "max": 0.023113012313842773,
    "mean": 0.0009763634664836038,
    "p50": 0.001068115234375,
    "p75": 0.0010979175567626953,
    "p90": 0.0011920928955078125,
    "p99": 0.0017418861389160156
  },
  "update_latencies": {
    "min": 0.0,
    "max": 0.008226871490478516,
    "mean": 0.0009865197026805513,
    "p50": 0.0010693073272705078,
    "p75": 0.001092672348022461,
    "p90": 0.0011801719665527344,
    "p99": 0.0017023086547851562
  },
  "insert_latencies": {},
  "scan_latencies": {},
  "operation_counts": {
    "read": 4976,
    "update": 5024,
    "insert": 0,
    "scan": 0,
    "errors": 0
  },
  "resource_usage": {
    "cpu": {
      "average": 47.136,
      "max": 99.7,
      "min": 0.0
    },
    "ram": {
      "average": 34.915,
      "max": 34.91796875,
      "min": 34.83984375
    }
  }
}