{
  "workload_name": "Balanced",
  "thread_count": 1,
  "record_count": 10000,
  "operation_count": 10000,
  "load_phase_time": 0,
  "run_phase_time": 8.899750709533691,
  "read_latencies": {
    "min": 0.0,
    "max": 0.008504390716552734,
    "mean": 0.000805517345355662,
    "p50": 0.0006697177886962891,
    "p75": 0.0010750293731689453,
    "p90": 0.0011029243469238281,
    "p99": 0.001627206802368164
  },
  "update_latencies": {
    "min": 0.0,
    "max": 0.005708932876586914,
    "mean": 0.0009770633077171007,
    "p50": 0.0010750293731689453,
    "p75": 0.0010960102081298828,
    "p90": 0.0012049674987792969,
    "p99": 0.0018270015716552734
  },
  "insert_latencies": {},
  "scan_latencies": {},
  "operation_counts": {
    "read": 5554,
    "update": 4446,
    "insert": 0,
    "scan": 0,
    "errors": 0
  }
}