{
  "workload_name": "Balanced",
  "thread_count": 1,
  "record_count": 100000,
  "operation_count": 100000,
  "load_phase_time": 94.87249374389648,
  "run_phase_time": 99.34815883636475,
  "read_latencies": {
    "min": 0.0,
    "max": 0.01848316192626953,
    "mean": 0.0009725000407307871,
    "p50": 0.0010709762573242188,
    "p75": 0.0010941028594970703,
    "p90": 0.0011615753173828125,
    "p99": 0.001674652099609375
  },
  "update_latencies": {
    "min": 0.0,
    "max": 0.022288084030151367,
    "mean": 0.0009997915825965768,
    "p50": 0.0010726451873779297,
    "p75": 0.0010976791381835938,
    "p90": 0.001173257827758789,
    "p99": 0.0016946792602539062
  },
  "insert_latencies": {},
  "scan_latencies": {},
  "operation_counts": {
    "read": 51009,
    "update": 48991,
    "insert": 0,
    "scan": 0,
    "errors": 0
  },
  "resource_usage": {
    "cpu": {
      "average": 22.37848484848485,
      "max": 83.1,
      "min": 0.0
    },
    "ram": {
      "average": 38.850875946969694,
      "max": 39.58984375,
      "min": 38.0703125
    }
  }
}