{
  "workload_name": "Balanced",
  "thread_count": 2,
  "record_count": 10000,
  "operation_count": 10000,
  "load_phase_time": 13.011754035949707,
  "run_phase_time": 6.964975357055664,
  "read_latencies": {
    "min": 0.0,
    "max": 0.010248899459838867,
    "mean": 0.001375451023095039,
    "p50": 0.001199960708618164,
    "p75": 0.0016541481018066406,
    "p90": 0.0017268657684326172,
    "p95": 0.0018062591552734375,
    "p99": 0.0023229122161865234
  },
  "update_latencies": {
    "min": 0.0,
    "max": 0.010562419891357422,
    "mean": 0.001389752640210278,
    "p50": 0.0012521743774414062,
    "p75": 0.001657724380493164,
    "p90": 0.0017261505126953125,
    "p95": 0.001800537109375,
    "p99": 0.002369403839111328
  },
  "insert_latencies": {},
  "scan_latencies": {},
  "operation_counts": {
    "read": 5073,
    "update": 4927,
    "insert": 0,
    "scan": 0,
    "errors": 0
  },
  "resource_usage": {
    "cpu": {
      "average": 45.738571428571426,
      "max": 117.6,
      "min": 0.0
    },
    "ram": {
      "average": 34.634654017857144,
      "max": 34.63671875,
      "min": 34.56640625
    }
  }
}