{
  "workload_name": "Balanced",
  "thread_count": 4,
  "record_count": 10000,
  "operation_count": 10000,
  "load_phase_time": 9.876741647720337,
  "run_phase_time": 2.7263691425323486,
  "read_latencies": {
    "min": 0.0,
    "max": 0.004479646682739258,
    "mean": 0.0010907703942626063,
    "p50": 0.0010781288146972656,
    "p75": 0.0011281967163085938,
    "p90": 0.0015277862548828125,
    "p99": 0.0020568370819091797
  },
  "update_latencies": {
    "min": 0.0,
    "max": 0.00591588020324707,
    "mean": 0.0010649863597566047,
    "p50": 0.0010766983032226562,
    "p75": 0.0011267662048339844,
    "p90": 0.001505136489868164,
    "p99": 0.001999378204345703
  },
  "insert_latencies": {},
  "scan_latencies": {},
  "operation_counts": {
    "read": 5480,
    "update": 4520,
    "insert": 0,
    "scan": 0,
    "errors": 0
  },
  "resource_usage": {
    "cpu": {
      "average": 94.48571428571428,
      "max": 149.6,
      "min": 0.0
    },
    "ram": {
      "average": 34.935128348214285,
      "max": 34.94140625,
      "min": 34.8046875
    }
  }
}