{
  "workload_name": "Read-Heavy",
  "thread_count": 1,
  "record_count": 10000,
  "operation_count": 10000,
  "load_phase_time": 2.757195234298706,
  "run_phase_time": 9.85247254371643,
  "read_latencies": {
    "min": 0.0,
    "max": 0.014313697814941406,
    "mean": 0.0009767254816451915,
    "p50": 0.0010714530944824219,
    "p75": 0.0010881423950195312,
    "p90": 0.0011501312255859375,
    "p99": 0.0017347335815429688
  },
  "update_latencies": {
    "min": 0.0,
    "max": 0.0029304027557373047,
    "mean": 0.001075837778490643,
    "p50": 0.0010783672332763672,
    "p75": 0.0010974407196044922,
    "p90": 0.001331329345703125,
    "p99": 0.0021054744720458984
  },
  "insert_latencies": {},
  "scan_latencies": {},
  "operation_counts": {
    "read": 9570,
    "update": 430,
    "insert": 0,
    "scan": 0,
    "errors": 0
  },
  "resource_usage": {
    "cpu": {
      "average": 21.477777777777778,
      "max": 83.1,
      "min": 0.0
    },
    "ram": {
      "average": 34.808278093434346,
      "max": 34.80859375,
      "min": 34.77734375
    }
  }
}