{
  "workload_name": "Balanced",
  "thread_count": 1,
  "record_count": 1000000,
  "operation_count": 1000000,
  "load_phase_time": 260.90598726272583,
  "run_phase_time": 1016.0007011890411,
  "read_latencies": {
    "min": 0.0,
    "max": 0.05927157402038574,
    "mean": 0.0009950765365486307,
    "p50": 0.001064300537109375,
    "p75": 0.0010836124420166016,
    "p90": 0.0012445449829101562,
    "p99": 0.0025436878204345703
  },
  "update_latencies": {
    "min": 0.0,
    "max": 0.062282562255859375,
    "mean": 0.0010228680068712773,
    "p50": 0.0010662078857421875,
    "p75": 0.0010864734649658203,
    "p90": 0.0013058185577392578,
    "p99": 0.002536296844482422
  },
  "insert_latencies": {},
  "scan_latencies": {},
  "operation_counts": {
    "read": 508184,
    "update": 491816,
    "insert": 0,
    "scan": 0,
    "errors": 0
  },
  "resource_usage": {
    "cpu": {
      "average": 22.162906574394466,
      "max": 100.8,
      "min": 0.0
    },
    "ram": {
      "average": 57.81507854980227,
      "max": 73.390625,
      "min": 49.59765625
    }
  }
}