{
  "workload_name": "Read-Heavy",
  "thread_count": 2,
  "record_count": 100000,
  "operation_count": 100000,
  "load_phase_time": 0,
  "run_phase_time": 41.507617235183716,
  "read_latencies": {
    "min": 0.0,
    "max": 0.011589527130126953,
    "mean": 0.0008163926489455804,
    "p50": 0.0010025501251220703,
    "p75": 0.0010745525360107422,
    "p90": 0.0011000633239746094,
    "p99": 0.0015974044799804688
  },
  "update_latencies": {
    "min": 0.0,
    "max": 0.0031325817108154297,
    "mean": 0.001032831295867639,
    "p50": 0.0010793209075927734,
    "p75": 0.001129150390625,
    "p90": 0.0013859272003173828,
    "p99": 0.0019161701202392578
  },
  "insert_latencies": {},
  "scan_latencies": {},
  "operation_counts": {
    "read": 96088,
    "update": 3912,
    "insert": 0,
    "scan": 0,
    "errors": 0
  }
}