{
  "workload_name": "Update-Heavy",
  "thread_count": 4,
  "record_count": 10000,
  "operation_count": 10000,
  "load_phase_time": 13.011754035949707,
  "run_phase_time": 3.7767059803009033,
  "read_latencies": {
    "min": 0.0,
    "max": 0.002897500991821289,
    "mean": 0.0014618024913542861,
    "p50": 0.0015811920166015625,
    "p75": 0.0016870498657226562,
    "p90": 0.0017902851104736328,
    "p95": 0.00202178955078125,
    "p99": 0.0026242733001708984
  },
  "update_latencies": {
    "min": 0.0,
    "max": 0.008271455764770508,
    "mean": 0.0014960897971183014,
    "p50": 0.0016317367553710938,
    "p75": 0.0016887187957763672,
    "p90": 0.0018072128295898438,
    "p95": 0.0021250247955322266,
    "p99": 0.002683401107788086
  },
  "insert_latencies": {},
  "scan_latencies": {},
  "operation_counts": {
    "read": 545,
    "update": 9455,
    "insert": 0,
    "scan": 0,
    "errors": 0
  },
  "resource_usage": {
    "cpu": {
      "average": 96.56315789473685,
      "max": 149.6,
      "min": 0.0
    },
    "ram": {
      "average": 35.04235197368421,
      "max": 35.046875,
      "min": 34.921875
    }
  }
}