{
  "workload_name": "Read-Heavy",
  "thread_count": 4,
  "record_count": 1000000,
  "operation_count": 1000000,
  "load_phase_time": 260.90598726272583,
  "run_phase_time": 266.2827968597412,
  "read_latencies": {
    "min": 0.0,
    "max": 0.010657310485839844,
    "mean": 0.0010589068097604786,
    "p50": 0.0010747909545898438,
    "p75": 0.0011172294616699219,
    "p90": 0.0013141632080078125,
    "p99": 0.001949310302734375
  },
  "update_latencies": {
    "min": 0.0,
    "max": 0.00874948501586914,
    "mean": 0.0010661881232712778,
    "p50": 0.0010750293731689453,
    "p75": 0.0011179447174072266,
    "p90": 0.001333475112915039,
    "p99": 0.0018696784973144531
  },
  "insert_latencies": {},
  "scan_latencies": {},
  "operation_counts": {
    "read": 950585,
    "update": 49415,
    "insert": 0,
    "scan": 0,
    "errors": 0
  },
  "resource_usage": {
    "cpu": {
      "average": 102.2271423178558,
      "max": 182.8,
      "min": 0.0
    },
    "ram": {
      "average": 53.581910331728956,
      "max": 59.55078125,
      "min": 49.38671875
    }
  }
}