{
  "workload_name": "Read-Only",
  "thread_count": 4,
  "record_count": 10000,
  "operation_count": 10000,
  "load_phase_time": 13.011754035949707,
  "run_phase_time": 3.6252005100250244,
  "read_latencies": {
    "min": 0.0,
    "max": 0.007738351821899414,
    "mean": 0.0014392167091369628,
    "p50": 0.0015671253204345703,
    "p75": 0.001669168472290039,
    "p90": 0.0017466545104980469,
    "p95": 0.0018749237060546875,
    "p99": 0.0024192333221435547
  },
  "update_latencies": {},
  "insert_latencies": {},
  "scan_latencies": {},
  "operation_counts": {
    "read": 10000,
    "update": 0,
    "insert": 0,
    "scan": 0,
    "errors": 0
  },
  "resource_usage": {
    "cpu": {
      "average": 104.56486486486486,
      "max": 149.6,
      "min": 0.0
    },
    "ram": {
      "average": 35.03568412162162,
      "max": 35.04296875,
      "min": 34.90625
    }
  }
}