{
  "workload_name": "Update-Heavy",
  "thread_count": 4,
  "record_count": 1000000,
  "operation_count": 1000000,
  "load_phase_time": 260.90598726272583,
  "run_phase_time": 266.4945697784424,
  "read_latencies": {
    "min": 0.0,
    "max": 0.006751060485839844,
    "mean": 0.0010594037460589466,
    "p50": 0.001074075698852539,
    "p75": 0.0011241436004638672,
    "p90": 0.001354217529296875,
    "p99": 0.0019276142120361328
  },
  "update_latencies": {
    "min": 0.0,
    "max": 0.013881444931030273,
    "mean": 0.0010549544882964765,
    "p50": 0.001074075698852539,
    "p75": 0.0011203289031982422,
    "p90": 0.001302957534790039,
    "p99": 0.0019080638885498047
  },
  "insert_latencies": {},
  "scan_latencies": {},
  "operation_counts": {
    "read": 50142,
    "update": 949858,
    "insert": 0,
    "scan": 0,
    "errors": 0
  },
  "resource_usage": {
    "cpu": {
      "average": 96.57145550527903,
      "max": 170.5,
      "min": 0.0
    },
    "ram": {
      "average": 49.66338789121418,
      "max": 59.71484375,
      "min": 44.8359375
    }
  }
}