{
  "workload_name": "Balanced",
  "thread_count": 2,
  "record_count": 100000,
  "operation_count": 100000,
  "load_phase_time": 0,
  "run_phase_time": 45.0128390789032,
  "read_latencies": {
    "min": 0.0,
    "max": 0.006870746612548828,
    "mean": 0.0008330708460422711,
    "p50": 0.0010447502136230469,
    "p75": 0.0010766983032226562,
    "p90": 0.0011017322540283203,
    "p99": 0.0016155242919921875
  },
  "update_latencies": {
    "min": 0.0,
    "max": 0.00638270378112793,
    "mean": 0.0009592586866561026,
    "p50": 0.001073598861694336,
    "p75": 0.0010914802551269531,
    "p90": 0.0011608600616455078,
    "p99": 0.0017461776733398438
  },
  "insert_latencies": {},
  "scan_latencies": {},
  "operation_counts": {
    "read": 53740,
    "update": 46260,
    "insert": 0,
    "scan": 0,
    "errors": 0
  }
}