{
  "workload_name": "Update-Heavy",
  "thread_count": 1,
  "record_count": 1000,
  "operation_count": 1000,
  "load_phase_time": 1.8567304611206055,
  "run_phase_time": 1.65993070602417,
  "read_latencies": {
    "min": 0.001096487045288086,
    "max": 0.0021839141845703125,
    "mean": 0.0016985098520914713,
    "p50": 0.0016312599182128906,
    "p75": 0.0016982555389404297,
    "p90": 0.0021598339080810547,
    "p99": 0.0021839141845703125
  },
  "update_latencies": {
    "min": 0.0009891986846923828,
    "max": 0.013961553573608398,
    "mean": 0.0016474790179852358,
    "p50": 0.001605987548828125,
    "p75": 0.0016632080078125,
    "p90": 0.0021474361419677734,
    "p99": 0.002638101577758789
  },
  "insert_latencies": {},
  "scan_latencies": {},
  "operation_counts": {
    "read": 30,
    "update": 970,
    "insert": 0,
    "scan": 0,
    "errors": 0
  },
  "resource_usage": {
    "cpu": {
      "average": 47.76470588235294,
      "max": 100.8,
      "min": 0.0
    },
    "ram": {
      "average": 85.56479779411765,
      "max": 85.56640625,
      "min": 85.5390625
    }
  }
}