{
  "workload_name": "Balanced",
  "thread_count": 1,
  "record_count": 1000,
  "operation_count": 1000,
  "load_phase_time": 1.8567304611206055,
  "run_phase_time": 1.7467997074127197,
  "read_latencies": {
    "min": 0.0005154609680175781,
    "max": 0.0058765411376953125,
    "mean": 0.001794823893794307,
    "p50": 0.0016162395477294922,
    "p75": 0.0021293163299560547,
    "p90": 0.0022199153900146484,
    "p99": 0.003221750259399414
  },
  "update_latencies": {
    "min": 0.0,
    "max": 0.003559112548828125,
    "mean": 0.0016930460090368567,
    "p50": 0.0016095638275146484,
    "p75": 0.0017268657684326172,
    "p90": 0.0021796226501464844,
    "p99": 0.0031349658966064453
  },
  "insert_latencies": {},
  "scan_latencies": {},
  "operation_counts": {
    "read": 432,
    "update": 568,
    "insert": 0,
    "scan": 0,
    "errors": 0
  },
  "resource_usage": {
    "cpu": {
      "average": 47.73888888888889,
      "max": 99.7,
      "min": 0.0
    },
    "ram": {
      "average": 85.56098090277777,
      "max": 85.5625,
      "min": 85.53515625
    }
  }
}