{
  "workload_name": "Balanced",
  "thread_count": 1,
  "record_count": 10000,
  "operation_count": 1000,
  "load_phase_time": 11.886449575424194,
  "run_phase_time": 1.0639452934265137,
  "read_latencies": {
    "min": 0.0,
    "max": 0.0019109249114990234,
    "mean": 0.0009540923598672257,
    "p50": 0.001081228256225586,
    "p75": 0.0010991096496582031,
    "p90": 0.0011487007141113281,
    "p99": 0.001573324203491211
  },
  "update_latencies": {
    "min": 0.0,
    "max": 0.0022394657135009766,
    "mean": 0.0012083337144944274,
    "p50": 0.0011012554168701172,
    "p75": 0.0011861324310302734,
    "p90": 0.0016438961029052734,
    "p99": 0.0020525455474853516
  },
  "insert_latencies": {},
  "scan_latencies": {},
  "operation_counts": {
    "read": 588,
    "update": 412,
    "insert": 0,
    "scan": 0,
    "errors": 0
  }
}