{
  "workload_name": "Update-Heavy",
  "thread_count": 1,
  "record_count": 1000,
  "operation_count": 1000,
  "load_phase_time": 1.2421514987945557,
  "run_phase_time": 1.057607889175415,
  "read_latencies": {
    "min": 0.0,
    "max": 0.0015454292297363281,
    "mean": 0.0008707673926102487,
    "p50": 0.0010390281677246094,
    "p75": 0.0010714530944824219,
    "p90": 0.0012810230255126953,
    "p99": 0.0015454292297363281
  },
  "update_latencies": {
    "min": 0.0,
    "max": 0.003145456314086914,
    "mean": 0.0010499734261635125,
    "p50": 0.0010743141174316406,
    "p75": 0.0011036396026611328,
    "p90": 0.0013132095336914062,
    "p99": 0.0020248889923095703
  },
  "insert_latencies": {},
  "scan_latencies": {},
  "operation_counts": {
    "read": 57,
    "update": 943,
    "insert": 0,
    "scan": 0,
    "errors": 0
  }
}