{
  "workload_name": "Balanced",
  "thread_count": 1,
  "record_count": 10000,
  "operation_count": 1000,
  "load_phase_time": 9.98455286026001,
  "run_phase_time": 1.126492977142334,
  "read_latencies": {
    "min": 0.0,
    "max": 0.002569913864135742,
    "mean": 0.0011057523970908307,
    "p50": 0.0010886192321777344,
    "p75": 0.0011136531829833984,
    "p90": 0.0014073848724365234,
    "p99": 0.002061128616333008
  },
  "update_latencies": {
    "min": 0.0,
    "max": 0.0021483898162841797,
    "mean": 0.001130373652921904,
    "p50": 0.00109100341796875,
    "p75": 0.0011148452758789062,
    "p90": 0.0015888214111328125,
    "p99": 0.0018115043640136719
  },
  "insert_latencies": {},
  "scan_latencies": {},
  "operation_counts": {
    "read": 564,
    "update": 436,
    "insert": 0,
    "scan": 0,
    "errors": 0
  },
  "resource_usage": {
    "cpu": {
      "average": 18.625,
      "max": 49.9,
      "min": 0.0
    },
    "ram": {
      "average": 73.85677083333333,
      "max": 73.859375,
      "min": 73.828125
    }
  }
}