{
  "workload_name": "Read-Heavy",
  "thread_count": 1,
  "record_count": 1000,
  "operation_count": 1000,
  "load_phase_time": 1.2421514987945557,
  "run_phase_time": 0.9146182537078857,
  "read_latencies": {
    "min": 0.0,
    "max": 0.007856369018554688,
    "mean": 0.0009011102520771106,
    "p50": 0.0010628700256347656,
    "p75": 0.001079559326171875,
    "p90": 0.0011205673217773438,
    "p99": 0.0017921924591064453
  },
  "update_latencies": {
    "min": 0.0005345344543457031,
    "max": 0.002187490463256836,
    "mean": 0.0011348615993152964,
    "p50": 0.001081705093383789,
    "p75": 0.0011363029479980469,
    "p90": 0.0016095638275146484,
    "p99": 0.002187490463256836
  },
  "insert_latencies": {},
  "scan_latencies": {},
  "operation_counts": {
    "read": 956,
    "update": 44,
    "insert": 0,
    "scan": 0,
    "errors": 0
  }
}