{
  "workload_name": "Update-Heavy",
  "thread_count": 1,
  "record_count": 10000,
  "operation_count": 1000,
  "load_phase_time": 9.98455286026001,
  "run_phase_time": 1.109398365020752,
  "read_latencies": {
    "min": 0.0005352497100830078,
    "max": 0.001783132553100586,
    "mean": 0.0011658834856609966,
    "p50": 0.0011072158813476562,
    "p75": 0.00118255615234375,
    "p90": 0.0016472339630126953,
    "p99": 0.001783132553100586
  },
  "update_latencies": {
    "min": 0.0,
    "max": 0.002396106719970703,
    "mean": 0.0010901979767292146,
    "p50": 0.0010862350463867188,
    "p75": 0.0011188983917236328,
    "p90": 0.0014481544494628906,
    "p99": 0.0017848014831542969
  },
  "insert_latencies": {},
  "scan_latencies": {},
  "operation_counts": {
    "read": 43,
    "update": 957,
    "insert": 0,
    "scan": 0,
    "errors": 0
  },
  "resource_usage": {
    "cpu": {
      "average": 22.0,
      "max": 57.3,
      "min": 0.0
    },
    "ram": {
      "average": 73.85677083333333,
      "max": 73.859375,
      "min": 73.83203125
    }
  }
}