{
  "workload_name": "Read-Heavy",
  "thread_count": 1,
  "record_count": 10000,
  "operation_count": 1000,
  "load_phase_time": 11.886449575424194,
  "run_phase_time": 0.964257001876831,
  "read_latencies": {
    "min": 0.0,
    "max": 0.006465911865234375,
    "mean": 0.0009393884727991925,
    "p50": 0.0010766983032226562,
    "p75": 0.0010972023010253906,
    "p90": 0.0011355876922607422,
    "p99": 0.001998424530029297
  },
  "update_latencies": {
    "min": 0.0010654926300048828,
    "max": 0.002513885498046875,
    "mean": 0.0014178480420793805,
    "p50": 0.0012404918670654297,
    "p75": 0.0016720294952392578,
    "p90": 0.0017480850219726562,
    "p99": 0.002513885498046875
  },
  "insert_latencies": {},
  "scan_latencies": {},
  "operation_counts": {
    "read": 965,
    "update": 35,
    "insert": 0,
    "scan": 0,
    "errors": 0
  }
}