{
  "workload_name": "Read-Heavy",
  "thread_count": 1,
  "record_count": 1000,
  "operation_count": 1000,
  "load_phase_time": 1.8567304611206055,
  "run_phase_time": 1.8270697593688965,
  "read_latencies": {
    "min": 0.0010449886322021484,
    "max": 0.003935575485229492,
    "mean": 0.0018099945469906456,
    "p50": 0.0016205310821533203,
    "p75": 0.002136707305908203,
    "p90": 0.0022058486938476562,
    "p99": 0.0028412342071533203
  },
  "update_latencies": {
    "min": 0.0015456676483154297,
    "max": 0.0038988590240478516,
    "mean": 0.001990532875061035,
    "p50": 0.0016808509826660156,
    "p75": 0.0021800994873046875,
    "p90": 0.002804994583129883,
    "p99": 0.0038988590240478516
  },
  "insert_latencies": {},
  "scan_latencies": {},
  "operation_counts": {
    "read": 950,
    "update": 50,
    "insert": 0,
    "scan": 0,
    "errors": 0
  },
  "resource_usage": {
    "cpu": {
      "average": 48.10526315789474,
      "max": 84.0,
      "min": 0.0
    },
    "ram": {
      "average": 85.56846217105263,
      "max": 85.5703125,
      "min": 85.53515625
    }
  }
}