{
  "workload_name": "Update-Heavy",
  "thread_count": 1,
  "record_count": 10000,
  "operation_count": 1000,
  "load_phase_time": 11.886449575424194,
  "run_phase_time": 1.008704423904419,
  "read_latencies": {
    "min": 0.0,
    "max": 0.0018267631530761719,
    "mean": 0.000828406849845511,
    "p50": 0.0010559558868408203,
    "p75": 0.00107574462890625,
    "p90": 0.0010845661163330078,
    "p99": 0.0018267631530761719
  },
  "update_latencies": {
    "min": 0.0,
    "max": 0.003099203109741211,
    "mean": 0.0010043774930813822,
    "p50": 0.0010764598846435547,
    "p75": 0.0010917186737060547,
    "p90": 0.0011365413665771484,
    "p99": 0.0016803741455078125
  },
  "insert_latencies": {},
  "scan_latencies": {},
  "operation_counts": {
    "read": 61,
    "update": 939,
    "insert": 0,
    "scan": 0,
    "errors": 0
  }
}