{
  "workload_name": "Workload A",
  "thread_count": 1,
  "record_count": 1000,
  "operation_count": 1000,
  "load_phase_time": 1.350541114807129,
  "run_phase_time": 1.53385329246521,
  "read_latencies": {
    "min": 0.0,
    "max": 0.06560516357421875,
    "mean": 0.0015753608212692326,
    "p50": 0.001100301742553711,
    "p75": 0.001617431640625,
    "p90": 0.0017113685607910156,
    "p99": 0.004754543304443359
  },
  "update_latencies": {
    "min": 0.0,
    "max": 0.015903234481811523,
    "mean": 0.001474799765380163,
    "p50": 0.0011997222900390625,
    "p75": 0.0016281604766845703,
    "p90": 0.0020983219146728516,
    "p99": 0.004175662994384766
  },
  "insert_latencies": {},
  "scan_latencies": {},
  "operation_counts": {
    "read": 474,
    "update": 526,
    "insert": 0,
    "scan": 0,
    "errors": 0
  },
  "resource_usage": {
    "cpu": {
      "average": 21.813333333333336,
      "max": 43.0,
      "min": 0.0
    },
    "ram": {
      "average": 66.32239583333333,
      "max": 66.32421875,
      "min": 66.296875
    }
  }
}