{
  "workload_name": "Read-Only",
  "thread_count": 1,
  "record_count": 10000,
  "operation_count": 1000,
  "load_phase_time": 11.886449575424194,
  "run_phase_time": 0.7997608184814453,
  "read_latencies": {
    "min": 0.0,
    "max": 0.002087831497192383,
    "mean": 0.0007939238548278809,
    "p50": 0.0006513595581054688,
    "p75": 0.0010762214660644531,
    "p90": 0.0011034011840820312,
    "p99": 0.001554727554321289
  },
  "update_latencies": {},
  "insert_latencies": {},
  "scan_latencies": {},
  "operation_counts": {
    "read": 1000,
    "update": 0,
    "insert": 0,
    "scan": 0,
    "errors": 0
  }
}