{
  "workload_name": "Balanced",
  "thread_count": 1,
  "record_count": 1000,
  "operation_count": 1000,
  "load_phase_time": 1.2421514987945557,
  "run_phase_time": 0.9641642570495605,
  "read_latencies": {
    "min": 0.0,
    "max": 0.0016863346099853516,
    "mean": 0.0008529919844407302,
    "p50": 0.0010597705841064453,
    "p75": 0.0010745525360107422,
    "p90": 0.001093149185180664,
    "p99": 0.0015621185302734375
  },
  "update_latencies": {
    "min": 0.0,
    "max": 0.0021975040435791016,
    "mean": 0.0010903559535382743,
    "p50": 0.0010771751403808594,
    "p75": 0.0011146068572998047,
    "p90": 0.0015268325805664062,
    "p99": 0.0017960071563720703
  },
  "insert_latencies": {},
  "scan_latencies": {},
  "operation_counts": {
    "read": 585,
    "update": 415,
    "insert": 0,
    "scan": 0,
    "errors": 0
  }
}