{
  "workload_name": "Read-Heavy",
  "thread_count": 1,
  "record_count": 10000,
  "operation_count": 1000,
  "load_phase_time": 9.98455286026001,
  "run_phase_time": 1.1139605045318604,
  "read_latencies": {
    "min": 0.0,
    "max": 0.003271341323852539,
    "mean": 0.0011088770721595326,
    "p50": 0.0010886192321777344,
    "p75": 0.0011110305786132812,
    "p90": 0.0014605522155761719,
    "p99": 0.0019168853759765625
  },
  "update_latencies": {
    "min": 0.000530242919921875,
    "max": 0.0016140937805175781,
    "mean": 0.0010677125718858507,
    "p50": 0.0010766983032226562,
    "p75": 0.0010905265808105469,
    "p90": 0.0011243820190429688,
    "p99": 0.0016140937805175781
  },
  "insert_latencies": {},
  "scan_latencies": {},
  "operation_counts": {
    "read": 955,
    "update": 45,
    "insert": 0,
    "scan": 0,
    "errors": 0
  },
  "resource_usage": {
    "cpu": {
      "average": 17.05,
      "max": 33.2,
      "min": 0.0
    },
    "ram": {
      "average": 73.85709635416667,
      "max": 73.859375,
      "min": 73.83203125
    }
  }
}