{
  "jvm" : { },
  "read" : {
    "mean_rate" : 182.55581492505746,
    "max" : 22695300,
    "count" : 512,
    "p95" : 2002900.0,
    "p75" : 1291500.0,
    "m1_rate" : 0.0,
    "p99" : 2797100.0,
    "min" : 791600,
    "median" : 1099900.0,
    "mean" : 1246194.0076089604,
    "p999" : 2.26953E7,
    "stddev" : 1020051.6806988517,
    "m15_rate" : 0.0,
    "m5_rate" : 0.0
  },
  "insert.count" : 92,
  "scan.count" : 103,
  "scan" : {
    "mean_rate" : 36.723610725305214,
    "max" : 15500,
    "count" : 103,
    "p95" : 2600.0,
    "p75" : 1400.0,
    "m1_rate" : 0.0,
    "p99" : 8500.0,
    "min" : 200,
    "median" : 1100.0,
    "mean" : 1362.7707654043604,
    "p999" : 15500.0,
    "stddev" : 1762.5270817550122,
    "m15_rate" : 0.0,
    "m5_rate" : 0.0
  },
  "update" : {
    "mean_rate" : 104.47351676577091,
    "max" : 12366800,
    "count" : 293,
    "p95" : 4454000.0,
    "p75" : 2888100.0,
    "m1_rate" : 0.0,
    "p99" : 6122300.0,
    "min" : 1852400,
    "median" : 2494900.0,
    "mean" : 2720790.4264793238,
    "p999" : 1.23668E7,
    "stddev" : 911500.4673509931,
    "m15_rate" : 0.0,
    "m5_rate" : 0.0
  },
  "insert" : {
    "mean_rate" : 32.80290676540342,
    "max" : 1514800,
    "count" : 92,
    "p95" : 143300.0,
    "p75" : 36700.0,
    "m1_rate" : 0.0,
    "p99" : 1514800.0,
    "min" : 7900,
    "median" : 27900.0,
    "mean" : 53456.1071832961,
    "p999" : 1514800.0,
    "stddev" : 155225.81509376335,
    "m15_rate" : 0.0,
    "m5_rate" : 0.0
  },
  "update.count" : 293,
  "read.count" : 512,
  "error.count" : 103
}